"","effect","median","lw","up"
"1","i",91.2077146948427,65.0641449578317,121.839512188406
"2","ii",38.4746088172796,18.3395901494907,61.3182791334313
"3","iii",149.854304098268,121.119194069026,180.901110593807
